Author,Count
Bradan Writes Stories,117
Jay C Wells,112
Sweet Chaos,54
Jonathon Sawyer,50
FJCMontenegro,27
Grandma Smillew,23
JF Danskin,22
Cathylouise,22
Jacinta Palmer,19
H.R. Parker,18
Rayne Sanning,18
Andrew Crocker,17
CJ Coop,12
Aria Wraithe,12
Sieran Lane,11
Erosia Potter,10
Aaron Michael Thomas,10
Nick Struutinsky,9
izzibella Beau,9
Violet Lively,8
Grim Flandango,8
Wilkie Winters,8
Thomon Summer,8
Rowena (Ro) Sage,7
Bruno T.,6
Cathryn Moore,6
Nerdishwrites,6
Selina Miyasia,6
Joel R. Dennstedt,5
C. D. Ellison,5
Damien Lawless • M. Ravenchild,5
Josh E.,5
Kathy K,5
Michael John Scott,4
Susan Boylan,4
Esme Raine Harlow,4
Claude Davis,4
Keg Umian,4
Stephen Kramer Avitabile,4
G. G. Bailey,4
Jessica's Quill,3
CleverandWtf,3
Erin Taylor,3
Diana Thorland,3
Steve Vernon,3
Alec Zarenkiewicz,3
Paige Holloway,3
Awais Shah,3
J.K. Emsun,2
Xine Segalas,2
Marion Goodall,2
Ryan Klemek,2
Colt Marion,2
Isaac Ong,2
Sara Fellers,2
Mehrnoosh Mana,2
Katy Langston,2
Matt Everett,2
Mark Suroviec, M.Ed.,2
Ramiro Nicodemus Alexander-Duchesne,2
Joe Luca,2
Jared Randall: spirit/meaning~poetry/(non)fiction,2
E.A. Colquitt,2
Brian Tubbs,2
Ben Ulansey,2
MJ Creed,2
Christopher Ryan Jackson,2
Izzy Senat,2
Sereena Undertaker,2
Georges-Henri Daigle,2
Sonja Glucksberg,2
Peter Borg,1
Catherine Gagnon,1
Charles Bastille,1
Dr. Casey Lawrence,1
Anna V,1
✨ Bridget Webber,1
StartledEgg,1
Eva MacInnes,1
J. Andrew,1
Gary Every,1
Conor Cartmell,1
Niccolò Hilgendorf,1
Nandini Gosine-Mayrhoo,1
Jens Peter Olesen,1
Somtoochukwu Benedict Ezioha,1
Iulia Georgescu,1
Smillew Rahcuef,1
Ernest Samuels,1
Melissa Coffey,1
Richard Butchins: Notes from the wrong end of life,1
Chris Yanda,1
Evan Skarin,1
Jay Piérre,1
R.J. Quinn,1
Lela,1
Mahin,1
Jay Squires,1
Leo Cookman,1
Simon Zandon,1
Peter Bozukov,1
Beth,1
Nevena Pascaleva,1
Robert Ralph,1
Rob Jackson,1
Sabeel Dhar,1
J.C. Lovero,1
Anthony David Vernon,1
Hel P!,1
Camilla Seth,1
Zane Dickens the Instigator,1
Sam W.,1
YM Seah,1